{"count":1,"self":7780.429824,"total":15472.8166369,"children":{"InitializeActuators":{"count":72,"self":0.0020004,"total":0.0020004,"children":null},"InitializeSensors":{"count":72,"self":0.0020007,"total":0.0085085,"children":{"CreateObservableSensors":{"count":72,"self":0.0065077999999999993,"total":0.0065077999999999993,"children":null}}},"AgentSendState":{"count":2593834,"self":785.8878976,"total":904.51819519999992,"children":{"CollectObservations":{"count":9337824,"self":12.015092,"total":12.0150919,"children":null},"WriteActionMask":{"count":9337824,"self":3.1014538,"total":3.1014538,"children":null},"RequestDecision":{"count":9337824,"self":12.47236,"total":103.5137604,"children":{"AgentInfo.ToProto":{"count":9337824,"self":10.0402256,"total":91.0414002,"children":{"GenerateSensorData":{"count":9337824,"self":52.3576288,"total":81.001174499999991,"children":{"RayPerceptionSensor.Perceive":{"count":18675648,"self":28.6435456,"total":28.6435458,"children":null}}}}}}}}},"DecideAction":{"count":2593834,"self":6721.6969727999995,"total":6721.6968657,"children":null},"AgentAct":{"count":2593834,"self":66.1145792,"total":66.160314599999992,"children":{"AgentInfo.ToProto":{"count":3672,"self":0.0060005,"total":0.0457352,"children":{"GenerateSensorData":{"count":3672,"self":0.0251021,"total":0.0397347,"children":{"RayPerceptionSensor.Perceive":{"count":7344,"self":0.014632599999999999,"total":0.014632599999999999,"children":null}}}}}}}},"gauges":{"CharacterAI.CumulativeReward":{"count":3672,"max":-2128.46655,"min":-7475.975,"runningAverage":-2597.84277,"value":-2150.481,"weightedAverage":-2152.49316}},"metadata":{"timer_format_version":"0.1.0","start_time_seconds":"1687891267","unity_version":"2021.3.16f1","command_line_arguments":"C:\\Program Files\\Unity\\Hub\\Editor\\2021.3.16f1\\Editor\\Unity.exe -projectpath C:\\Users\\Esilff\\Documents\\Git\\ESGI-PA-Release\\ESGI-PA -useHub -hubIPC -cloudEnvironment production -licensingIpc LicenseClient-Esilff -hubSessionId 2dc32960-1517-11ee-9c29-1f0b5644eca5 -accessToken NkiQsgBzcX_Ys8q6Bru6caaGjGR-NNY3o2fFfQWwbi0008f","communication_protocol_version":"1.5.0","com.unity.ml-agents_version":"2.0.1","scene_name":"DefaultTrainingScene","end_time_seconds":"1687906740"}}