{
    "name": "root",
    "metadata": {
        "timer_format_version": "0.1.0",
        "start_time_seconds": "1687358418",
        "python_version": "3.8.10 (tags/v3.8.10:3d8993a, May  3 2021, 11:48:03) [MSC v.1928 64 bit (AMD64)]",
        "command_line_arguments": "C:\\Users\\Esilff\\Documents\\Git\\ESGI-PA-Release\\venv\\Scripts\\mlagents-learn ESGI-PA/Assets/ML-Agents/Config/CharacterAI.yaml --force",
        "mlagents_version": "0.29.0",
        "mlagents_envs_version": "0.29.0",
        "communication_protocol_version": "1.5.0",
        "pytorch_version": "1.7.0+cu110",
        "numpy_version": "1.21.2",
        "end_time_seconds": "1687358441"
    },
    "total": 22.9581536,
    "count": 1,
    "self": 0.0038848999999991918,
    "children": {
        "run_training.setup": {
            "total": 0.11417539999999993,
            "count": 1,
            "self": 0.11417539999999993
        },
        "TrainerController.start_learning": {
            "total": 22.8400933,
            "count": 1,
            "self": 0.025311699999985393,
            "children": {
                "TrainerController._reset_env": {
                    "total": 1.7230766000000002,
                    "count": 1,
                    "self": 1.7230766000000002
                },
                "TrainerController.advance": {
                    "total": 21.017715200000016,
                    "count": 768,
                    "self": 0.00700030000003693,
                    "children": {
                        "env_step": {
                            "total": 21.01071489999998,
                            "count": 768,
                            "self": 18.494676400000046,
                            "children": {
                                "SubprocessEnvManager._take_step": {
                                    "total": 2.509142799999971,
                                    "count": 768,
                                    "self": 0.030896400000018698,
                                    "children": {
                                        "TorchPolicy.evaluate": {
                                            "total": 2.478246399999952,
                                            "count": 641,
                                            "self": 0.5683391999999374,
                                            "children": {
                                                "TorchPolicy.sample_actions": {
                                                    "total": 1.9099072000000148,
                                                    "count": 641,
                                                    "self": 1.9099072000000148
                                                }
                                            }
                                        }
                                    }
                                },
                                "workers": {
                                    "total": 0.006895699999962979,
                                    "count": 767,
                                    "self": 0.0,
                                    "children": {
                                        "worker_root": {
                                            "total": 17.20161,
                                            "count": 767,
                                            "is_parallel": true,
                                            "self": 4.030899400000013,
                                            "children": {
                                                "steps_from_proto": {
                                                    "total": 0.0003516999999999548,
                                                    "count": 1,
                                                    "is_parallel": true,
                                                    "self": 0.00015010000000004187,
                                                    "children": {
                                                        "_process_rank_one_or_two_observation": {
                                                            "total": 0.00020159999999991296,
                                                            "count": 4,
                                                            "is_parallel": true,
                                                            "self": 0.00020159999999991296
                                                        }
                                                    }
                                                },
                                                "UnityEnvironment.step": {
                                                    "total": 13.170358899999986,
                                                    "count": 767,
                                                    "is_parallel": true,
                                                    "self": 0.07870999999998674,
                                                    "children": {
                                                        "UnityEnvironment._generate_step_input": {
                                                            "total": 0.08975969999996591,
                                                            "count": 767,
                                                            "is_parallel": true,
                                                            "self": 0.08975969999996591
                                                        },
                                                        "communicator.exchange": {
                                                            "total": 12.763353300000036,
                                                            "count": 767,
                                                            "is_parallel": true,
                                                            "self": 12.763353300000036
                                                        },
                                                        "steps_from_proto": {
                                                            "total": 0.23853589999999603,
                                                            "count": 767,
                                                            "is_parallel": true,
                                                            "self": 0.10724850000002784,
                                                            "children": {
                                                                "_process_rank_one_or_two_observation": {
                                                                    "total": 0.1312873999999682,
                                                                    "count": 3068,
                                                                    "is_parallel": true,
                                                                    "self": 0.1312873999999682
                                                                }
                                                            }
                                                        }
                                                    }
                                                }
                                            }
                                        }
                                    }
                                }
                            }
                        }
                    }
                },
                "trainer_threads": {
                    "total": 2.9699999998911153e-05,
                    "count": 1,
                    "self": 2.9699999998911153e-05,
                    "children": {
                        "thread_root": {
                            "total": 0.0,
                            "count": 0,
                            "is_parallel": true,
                            "self": 0.0,